"species","chla_supply","year","abundance_krill","mean_length_krill","sum_eggs_krill","max_chla_density","median_abundance_salp_overall","max_abundance_salp_season"
"both","Const",1,26.3799450549451,15.4523992673993,0,0.575781727927681,136.833333333333,1052.5
"both","Const",2,20.0654794520548,31.8961232876712,0,0.575781727927681,594.666666666667,738.866666666667
"both","Const",3,15.7403652968037,39.2475616438356,5783.55123287671,0.575781727927681,558.666666666667,960.433333333333
"both","Const",4,120.08502283105,24.8787579908676,38425.5821004566,0.575781727927681,589.083333333333,680.3
"both","Const",5,178.317442922374,27.3884885844749,70211.8507762557,0.575781727927681,581.1,1072.1
"both","Const",6,205.508493150685,30.7924520547945,105679.340639269,0.575781727927681,627.35,776.533333333333
"both","Const",7,721.898721461187,24.9552876712329,220451.044657534,0.575781727927681,672.3,1099.3
"both","Const",8,1383.38575342466,25.9770091324201,513734.308584475,0.575781727927681,683.283333333333,1170.56666666667
"both","Const",9,2048.7900456621,27.609598173516,888128.678812786,0.575781727927681,667.066666666667,877.3
"both","Const",10,4847.340456621,25.3648538812785,1658202.00200913,0.575781727927681,707.25,814.466666666667
"both","Const",11,10164.24,24.9731826484018,3677101.24767123,0.575781727927681,672.633333333333,781.433333333333
"both","Const",12,17353.6336073059,25.4039908675799,6538706.4283105,0.575781727927681,666.25,549
"both","Const",13,33458.2310502283,24.1854703196347,10303208.9834703,0.575781727927681,649.766666666667,652.333333333333
"both","Const",14,67225.5792694064,21.8353196347032,22663867.4288584,0.575781727927681,651.783333333333,322.133333333333
"both","Const",15,96259.6640182648,22.1787305936073,16623364.396895,0.575781727927681,618.833333333333,426.9
"both","Const",16,105744.185936073,23.6116621004566,14370171.62621,0.575781727927681,590.3,431.633333333333
"both","Const",17,92727.9023744292,26.1660547945205,2339558.7736073,0.575781727927681,573.7,419.733333333333
"both","Const",18,71386.4536073059,28.0767351598173,844629.147214621,0.575781727927681,564.366666666667,455.133333333333
"both","Const",19,51038.7287671233,30.2851232876712,149822.203561634,0.575781727927681,553.6,462.433333333333
"both","Const",20,28061.421826484,33.9374109589041,24273.4167123288,0.575781727927681,547.633333333333,554.666666666667
"both","Const",21,49622.5547945205,26.4159680365297,17750947.6642922,0.575781727927681,538.733333333333,440.5
"both","Const",22,99766.5793607306,20.3139589041096,24372581.9990868,0.575781727927681,525.65,529.7
"both","Const",23,97231.4378082192,25.2625799086758,677067.956986308,0.575781727927681,523.366666666667,368.666666666667
"both","Const",24,74931.1335159817,28.2538812785388,80344.9694063812,0.575781727927681,510.283333333333,416.366666666667
"both","Const",25,59459.2463013699,29.8874657534247,733876.366301373,0.575781727927681,513,648.733333333333
"both","Const",26,54024.5248401826,31.0924657534247,3409953.04840183,0.575781727927681,506.833333333333,443.033333333333
"both","Const",27,55301.7246575342,29.6143378995434,10675886.7824657,0.575781727927681,501.966666666667,567.766666666667
"both","Const",28,42266.817716895,22.7384155251142,2934057.83187217,0.575781727927681,501.583333333333,679.466666666667
"both","Const",29,34517.1740639269,27.3724885844749,257992.734885842,0.575781727927681,506.566666666667,693.4
"both","Const",30,31640.4407305936,32.587100456621,2409626.7739726,0.575781727927681,507.516666666667,570.2
"both","Const",31,46679.9414611872,26.7591643835616,9548104.03762555,0.575781727927681,500.666666666667,784.533333333333
"both","Const",32,56063.3872146119,24.8677442922374,9199661.25488585,0.575781727927681,505.916666666667,781.666666666667
"both","Const",33,50795.6538812785,26.5564840182648,5006944.30009133,0.575781727927681,512.033333333333,806.333333333333
"both","Const",34,49381.3492237443,25.8124794520548,4922160.04091325,0.575781727927681,517.916666666667,728.7
"both","Const",35,54320.8635616438,26.0203744292237,6758808.80347031,0.575781727927681,526.8,660
"both","Const",36,59287.6078538813,26.4117945205479,7782789.61963469,0.575781727927681,520.2,610.466666666667
"both","Const",37,54668.7730593607,25.6657808219178,5468456.68977171,0.575781727927681,523.4,518.366666666667
"both","Const",38,48443.6476712329,24.8481461187215,3768837.62237442,0.575781727927681,515.166666666667,640.033333333333
"both","Const",39,42249.1103196347,26.1142602739726,3800211.54520547,0.575781727927681,510.233333333333,715.166666666667
"both","Const",40,37472.5449315068,28.2627808219178,3276485.4143379,0.575781727927681,511.516666666667,707.3
"both","Const",41,38137.6894063927,27.4505890410959,6786563.62200913,0.575781727927681,509.666666666667,691.033333333333
"both","Const",42,44649.0337899543,24.8299452054795,7823309.95123288,0.575781727927681,515.866666666667,763.2
"both","Const",43,41590.1920547945,25.8329680365297,2608460.16200915,0.575781727927681,518.166666666667,575.933333333333
"both","Const",44,36697.539543379,28.1459680365297,3098121.70319635,0.575781727927681,514.6,524.533333333333
"both","Const",45,37004.2030136986,27.2793105022831,4512341.18420091,0.575781727927681,515,627.333333333333
"both","Const",46,35375.9587214612,28.085301369863,3324349.30958903,0.575781727927681,513.083333333333,441.4
"both","Const",47,53384.441826484,27.5576255707763,14216518.6759817,0.575781727927681,511.2,687.733333333333
"both","Const",48,74106.8262100457,23.5107762557078,13168203.3738813,0.575781727927681,511.133333333333,597.1
"both","Const",49,78066.5252968037,24.7076118721461,6657055.28420091,0.575781727927681,514.8,607.133333333333
"both","Const",50,68863.7680365297,26.3397945205479,3174343.39369863,0.575781727927681,515.416666666667,567.133333333333
"both","Const",51,61098.3165296804,26.0998858447489,0,0.575781727927681,518.133333333333,684.5
"both","Const",52,55336.3415525114,28.170899543379,0,0.575781727927681,519.883333333333,657.266666666667
"both","Const",53,44936.9140639269,27.2175936073059,5783.55123287671,0.575781727927681,520.166666666667,610.533333333333
"both","Const",54,43179.7352511416,26.2106301369863,38425.5821004566,0.575781727927681,521.7,654.666666666667
"both","Const",55,43205.3101369863,26.7384292237443,70211.8507762557,0.575781727927681,520.766666666667,618.7
"both","Const",56,44636.2010958904,28.2159452054794,105679.340639269,0.575781727927681,519.4,767.4
"both","Const",57,47472.2056621005,28.1877534246575,220451.044657534,0.575781727927681,525.166666666667,770.933333333333
"both","Const",58,55935.4859360731,26.6967488584475,513734.308584475,0.575781727927681,526.483333333333,733.933333333333
"both","Const",59,55878.0784474886,26.1013881278539,888128.678812786,0.575781727927681,524.933333333333,681.633333333333
"both","Const",60,48210.2143378995,26.7798219178082,1658202.00200913,0.575781727927681,529.266666666667,920.566666666667
"both","Const",61,43906.8522374429,27.0018173515982,3677101.24767123,0.575781727927681,530.9,660.633333333333
"both","Const",62,36938.4644748858,27.3422739726027,6538706.4283105,0.575781727927681,530,729.233333333333
"both","Const",63,40561.3288584475,27.3757762557078,10303208.9834703,0.575781727927681,537.666666666667,569.066666666667
"both","Const",64,42830.700456621,26.3016666666667,22663867.4288584,0.575781727927681,535.433333333333,694.433333333333
"both","Const",65,44969.4594520548,26.3089817351598,16623364.396895,0.575781727927681,534.7,766.9
"both","Const",66,47318.5757077626,26.8260319634703,14370171.62621,0.575781727927681,537.95,586.366666666667
"both","Const",67,43709.5288584475,26.8735799086758,2339558.7736073,0.575781727927681,537.2,830.566666666667
"both","Const",68,43271.5433789954,27.3700456621005,844629.147214621,0.575781727927681,538.8,623.5
"both","Const",69,38727.5237442922,28.564899543379,149822.203561634,0.575781727927681,536.2,759.733333333333
"both","Const",70,39242.434977169,26.4319406392694,24273.4167123288,0.575781727927681,541.85,353.933333333333
"both","Const",71,45252.5694977169,25.880904109589,17750947.6642922,0.575781727927681,538.566666666667,548.3
"both","Const",72,43911.0052968037,27.7869315068493,24372581.9990868,0.575781727927681,536.433333333333,599.933333333333
"both","Const",73,51067.2621004566,26.2400228310502,677067.956986308,0.575781727927681,535.133333333333,658.6
"both","Const",74,57539.6676712329,26.0946712328767,80344.9694063812,0.575781727927681,531.766666666667,390
"both","Const",75,62434.7258447489,26.2528630136986,733876.366301373,0.575781727927681,532.166666666667,422.166666666667
"both","Const",76,67728.2334246575,25.8657945205479,3409953.04840183,0.575781727927681,527.466666666667,409.366666666667
"both","Const",77,66936.7742465753,26.5110776255708,10675886.7824657,0.575781727927681,524.433333333333,625.366666666667
"both","Const",78,62839.5931506849,26.5058904109589,2934057.83187217,0.575781727927681,523.183333333333,545.666666666667
"both","Const",79,52684.5883105023,27.9736712328767,257992.734885842,0.575781727927681,521.333333333333,600.966666666667
"both","Const",80,48995.7215525114,27.3821735159817,2409626.7739726,0.575781727927681,518.55,726.9
"both","Const",81,45723.2580821918,27.5786803652968,9548104.03762555,0.575781727927681,520.1,518.4
"both","Const",82,43566.6759817352,27.9387488584475,9199661.25488585,0.575781727927681,521.116666666667,671.1
"both","Const",83,47101.080456621,26.8787534246575,5006944.30009133,0.575781727927681,522.833333333333,545.166666666667
"both","Const",84,50840.0915981735,27.3184611872146,4922160.04091325,0.575781727927681,520.166666666667,547.966666666667
"both","Const",85,62679.8699543379,27.2174520547945,6758808.80347031,0.575781727927681,523.533333333333,714.466666666667
"both","Const",86,61665.9668493151,27.1572054794521,7782789.61963469,0.575781727927681,527.166666666667,603.933333333333
"both","Const",87,57342.7239269406,26.2002283105023,5468456.68977171,0.575781727927681,524.966666666667,575.8
"both","Const",88,60192.1713242009,27.0682465753425,3768837.62237442,0.575781727927681,525.733333333333,476.566666666667
"both","Const",89,62298.0819178082,26.0605799086758,3800211.54520547,0.575781727927681,524.466666666667,590.7
"both","Const",90,58629.2482191781,26.0456803652968,3276485.4143379,0.575781727927681,523.916666666667,683.333333333333
"both","Const",91,49636.4923287671,27.0908812785388,6786563.62200913,0.575781727927681,521,854.5
"both","Const",92,54168.622739726,26.2493105022831,7823309.95123288,0.575781727927681,522.133333333333,653.1
"both","Const",93,52038.6019178082,27.1440593607306,2608460.16200915,0.575781727927681,526.6,437.7
"both","Const",94,47855.1260273973,26.6310136986301,3098121.70319635,0.575781727927681,522.316666666667,936.633333333333
"both","Const",95,41204.1335159817,26.7464474885845,4512341.18420091,0.575781727927681,527.033333333333,720.633333333333
"both","Const",96,47002.520456621,27.1758310502283,3324349.30958903,0.575781727927681,526.7,889.3
"both","Const",97,48754.5450228311,27.9282876712329,14216518.6759817,0.575781727927681,526.5,800.866666666667
"both","Const",98,47831.88,26.3422374429224,13168203.3738813,0.575781727927681,527,673.033333333333
"both","Const",99,47870.7049315069,26.019803652968,6657055.28420091,0.575781727927681,523.666666666667,638.8
"both","Const",100,42079.7675799087,27.6096621004566,3174343.39369863,0.575781727927681,525.15,552.8
"krill","Const",1,26.0999084249084,15.4525137362637,0,0.575781727927681,0,0
"krill","Const",2,19.9888584474886,31.8973470319635,0,0.575781727927681,0,0
"krill","Const",3,15.5516894977169,39.2489817351598,5686.12465753425,0.575781727927681,0,0
"krill","Const",4,117.360456621005,24.8927397260274,37598.9753424658,0.575781727927681,0,0
"krill","Const",5,178.318721461187,27.2962146118721,71577.7296803653,0.575781727927681,0,0
"krill","Const",6,209.324292237443,30.761296803653,107250.989497717,0.575781727927681,0,0
"krill","Const",7,729.768858447489,25.0561552511416,224232.51716895,0.575781727927681,0,0
"krill","Const",8,1419.18328767123,25.9000319634703,525087.876438356,0.575781727927681,0,0
"krill","Const",9,2088.54904109589,27.6920091324201,899923.368401827,0.575781727927681,0,0
"krill","Const",10,4951.85899543379,25.3721461187215,1707818.10812785,0.575781727927681,0,0
"krill","Const",11,10369.6648401826,24.9722922374429,3725660.95972603,0.575781727927681,0,0
"krill","Const",12,17606.3394520548,25.43500456621,6594611.04200913,0.575781727927681,0,0
"krill","Const",13,34116.6431050228,24.1116255707763,10555524.2096804,0.575781727927681,0,0
"krill","Const",14,67974.8401826484,21.8433515981735,22593661.2212785,0.575781727927681,0,0
"krill","Const",15,95931.7495890411,22.278196347032,16645908.6035616,0.575781727927681,0,0
"krill","Const",16,104242.480182648,23.9513835616438,12213893.8474886,0.575781727927681,0,0
"krill","Const",17,91186.9228310502,26.3054566210046,2367760.82429223,0.575781727927681,0,0
"krill","Const",18,71059.8931506849,28.0265844748858,1115913.44410959,0.575781727927681,0,0
"krill","Const",19,50862.22456621,30.2748082191781,189195.997077629,0.575781727927681,0,0
"krill","Const",20,27950.2783561644,33.8862602739726,16942.8852968067,0.575781727927681,0,0
"krill","Const",21,52152.0598173516,26.3937351598173,18834456.459726,0.575781727927681,0,0
"krill","Const",22,100626.052237443,20.8130821917808,23381848.1607306,0.575781727927681,0,0
"krill","Const",23,100162.761643836,25.0131735159817,1981438.98237443,0.575781727927681,0,0
"krill","Const",24,78011.1133333333,27.979196347032,74298.786118716,0.575781727927681,0,0
"krill","Const",25,61560.3430136986,29.7606757990868,588959.876712337,0.575781727927681,0,0
"krill","Const",26,55947.7684018265,30.2219178082192,3628174.93753424,0.575781727927681,0,0
"krill","Const",27,44422.0766210046,31.3263196347032,5066714.50684932,0.575781727927681,0,0
"krill","Const",28,25221.9189954338,22.9102100456621,1096601.74958903,0.575781727927681,0,0
"krill","Const",29,19551.0457534247,27.5980821917808,366315.928584486,0.575781727927681,0,0
"krill","Const",30,17035.9736073059,34.5638310502283,964883.305570781,0.575781727927681,0,0
"krill","Const",31,26138.759086758,26.5977762557078,5872751.65643835,0.575781727927681,0,0
"krill","Const",32,28202.9094977169,26.1160913242009,5308271.29515982,0.575781727927681,0,0
"krill","Const",33,24621.5318721461,28.5817351598173,3040182.5358904,0.575781727927681,0,0
"krill","Const",34,40987.254977169,25.1776757990868,11744589.0469407,0.575781727927681,0,0
"krill","Const",35,52197.2021004566,25.7711826484018,6890529.50876713,0.575781727927681,0,0
"krill","Const",36,55408.4134246575,26.4897260273973,6528527.8344292,0.575781727927681,0,0
"krill","Const",37,54250.2159817352,25.671200913242,6200169.4648402,0.575781727927681,0,0
"krill","Const",38,59515.0768949772,25.6093150684931,7632378.35707763,0.575781727927681,0,0
"krill","Const",39,61790.6679452055,26.1539771689498,6814091.673242,0.575781727927681,0,0
"krill","Const",40,51722.1080365297,26.698899543379,4081700.92447487,0.575781727927681,0,0
"krill","Const",41,50216.9980821918,26.3390136986301,7227149.73954338,0.575781727927681,0,0
"krill","Const",42,58898.303196347,24.9183652968037,9719526.393516,0.575781727927681,0,0
"krill","Const",43,54729.782283105,26.8140456621005,4165960.05707762,0.575781727927681,0,0
"krill","Const",44,44772.7630136986,28.7208949771689,3043645.49242011,0.575781727927681,0,0
"krill","Const",45,47531.4672146119,26.5953333333333,7798778.60812783,0.575781727927681,0,0
"krill","Const",46,58044.4720547945,27.1240639269406,8660401.31954339,0.575781727927681,0,0
"krill","Const",47,57844.2115981735,29.3015753424658,5316429.9879452,0.575781727927681,0,0
"krill","Const",48,54994.402283105,24.9064155251142,6154980.21899542,0.575781727927681,0,0
"krill","Const",49,55425.3439269406,26.5049223744292,5200582.52319637,0.575781727927681,0,0
"krill","Const",50,52006.7374429224,28.6460228310502,3412035.0856621,0.575781727927681,0,0
"krill","Const",51,46499.7663013699,27.1660913242009,0,0.575781727927681,0,0
"krill","Const",52,40719.2301369863,26.8928493150685,0,0.575781727927681,0,0
"krill","Const",53,46940.0046575342,26.4154657534247,5686.12465753425,0.575781727927681,0,0
"krill","Const",54,51830.3724200913,27.1612648401826,37598.9753424658,0.575781727927681,0,0
"krill","Const",55,49336.7047488585,26.4297716894977,71577.7296803653,0.575781727927681,0,0
"krill","Const",56,43067.6550684931,27.7747488584475,107250.989497717,0.575781727927681,0,0
"krill","Const",57,41648.2037442922,27.3185570776256,224232.51716895,0.575781727927681,0,0
"krill","Const",58,44832.059086758,26.7824109589041,525087.876438356,0.575781727927681,0,0
"krill","Const",59,40880.9225570776,28.1254429223744,899923.368401827,0.575781727927681,0,0
"krill","Const",60,41462.5252968037,25.2806347031963,1707818.10812785,0.575781727927681,0,0
"krill","Const",61,46151.6187214612,26.33999543379,3725660.95972603,0.575781727927681,0,0
"krill","Const",62,46748.9925114155,27.7456118721461,6594611.04200913,0.575781727927681,0,0
"krill","Const",63,55750.8300456621,24.4449543378995,10555524.2096804,0.575781727927681,0,0
"krill","Const",64,59095.5406392694,25.4736301369863,22593661.2212785,0.575781727927681,0,0
"krill","Const",65,59731.7064840183,26.8412831050228,16645908.6035616,0.575781727927681,0,0
"krill","Const",66,58556.7467579909,26.6266392694064,12213893.8474886,0.575781727927681,0,0
"krill","Const",67,52940.2698630137,26.8754200913242,2367760.82429223,0.575781727927681,0,0
"krill","Const",68,49842.5306849315,27.9427077625571,1115913.44410959,0.575781727927681,0,0
"krill","Const",69,46720.4142465753,27.9961232876712,189195.997077629,0.575781727927681,0,0
"krill","Const",70,47570.5923287671,26.3633561643836,16942.8852968067,0.575781727927681,0,0
"krill","Const",71,42359.4199086758,28.9268812785388,18834456.459726,0.575781727927681,0,0
"krill","Const",72,44329.1722374429,28.2654109589041,23381848.1607306,0.575781727927681,0,0
"krill","Const",73,59194.8798173516,25.7404703196347,1981438.98237443,0.575781727927681,0,0
"krill","Const",74,68407.8746118721,26.5912694063927,74298.786118716,0.575781727927681,0,0
"krill","Const",75,61701.8262100457,26.409803652968,588959.876712337,0.575781727927681,0,0
"krill","Const",76,60932.3270319635,26.7805753424658,3628174.93753424,0.575781727927681,0,0
"krill","Const",77,61749.9094977169,27.5018630136986,5066714.50684932,0.575781727927681,0,0
"krill","Const",78,52782.6501369863,28.1045296803653,1096601.74958903,0.575781727927681,0,0
"krill","Const",79,44374.2881278539,27.5528447488584,366315.928584486,0.575781727927681,0,0
"krill","Const",80,41643.1561643836,26.4669908675799,964883.305570781,0.575781727927681,0,0
"krill","Const",81,42423.7136073059,26.9244200913242,5872751.65643835,0.575781727927681,0,0
"krill","Const",82,37017.2620091324,27.9394200913242,5308271.29515982,0.575781727927681,0,0
"krill","Const",83,37380.3875799087,27.399899543379,3040182.5358904,0.575781727927681,0,0
"krill","Const",84,40211.7552511416,27.1097260273973,11744589.0469407,0.575781727927681,0,0
"krill","Const",85,39108.3174429224,28.0849908675799,6890529.50876713,0.575781727927681,0,0
"krill","Const",86,40612.5692237443,26.7319223744292,6528527.8344292,0.575781727927681,0,0
"krill","Const",87,48802.9851141552,26.1962648401826,6200169.4648402,0.575781727927681,0,0
"krill","Const",88,51803.3074885845,26.808100456621,7632378.35707763,0.575781727927681,0,0
"krill","Const",89,48246.3434703196,26.7806529680365,6814091.673242,0.575781727927681,0,0
"krill","Const",90,42581.9734246575,27.6068949771689,4081700.92447487,0.575781727927681,0,0
"krill","Const",91,53073.5283105023,27.2323926940639,7227149.73954338,0.575781727927681,0,0
"krill","Const",92,58818.4833789954,27.0989908675799,9719526.393516,0.575781727927681,0,0
"krill","Const",93,68087.6898630137,25.093502283105,4165960.05707762,0.575781727927681,0,0
"krill","Const",94,72999.3741552511,25.7089726027397,3043645.49242011,0.575781727927681,0,0
"krill","Const",95,67726.3589041096,26.1692374429224,7798778.60812783,0.575781727927681,0,0
"krill","Const",96,63968.1869406393,26.7699315068493,8660401.31954339,0.575781727927681,0,0
"krill","Const",97,56204.4717808219,26.6103105022831,5316429.9879452,0.575781727927681,0,0
"krill","Const",98,61289.5574429224,26.9257808219178,6154980.21899542,0.575781727927681,0,0
"krill","Const",99,57729.2749771689,27.5491735159817,5200582.52319637,0.575781727927681,0,0
"krill","Const",100,57904.6686757991,25.4269680365297,3412035.0856621,0.575781727927681,0,0
"salps","Const",1,0,0,0,0.575781727927681,160.433333333333,1112.6
"salps","Const",2,0,0,0,0.575781727927681,636.516666666667,821.7
"salps","Const",3,0,0,0,0.575781727927681,533.766666666667,912.9
"salps","Const",4,0,0,0,0.575781727927681,619.9,998.833333333333
"salps","Const",5,0,0,0,0.575781727927681,629.666666666667,846.2
"salps","Const",6,0,0,0,0.575781727927681,678.9,908.333333333333
"salps","Const",7,0,0,0,0.575781727927681,706.9,979.533333333333
"salps","Const",8,0,0,0,0.575781727927681,719.983333333333,1011.2
"salps","Const",9,0,0,0,0.575781727927681,694.7,706.766666666667
"salps","Const",10,0,0,0,0.575781727927681,693.316666666667,948.7
"salps","Const",11,0,0,0,0.575781727927681,675.933333333333,748.133333333333
"salps","Const",12,0,0,0,0.575781727927681,687.35,954.666666666667
"salps","Const",13,0,0,0,0.575781727927681,718.133333333333,886.366666666667
"salps","Const",14,0,0,0,0.575781727927681,712.983333333333,1090.7
"salps","Const",15,0,0,0,0.575781727927681,743.266666666667,869
"salps","Const",16,0,0,0,0.575781727927681,732.05,1098.26666666667
"salps","Const",17,0,0,0,0.575781727927681,753.533333333333,971.066666666667
"salps","Const",18,0,0,0,0.575781727927681,767.1,1009
"salps","Const",19,0,0,0,0.575781727927681,789.533333333333,715.7
"salps","Const",20,0,0,0,0.575781727927681,765.55,930.566666666667
"salps","Const",21,0,0,0,0.575781727927681,768.066666666667,744.666666666667
"salps","Const",22,0,0,0,0.575781727927681,757.366666666667,980.966666666667
"salps","Const",23,0,0,0,0.575781727927681,759.266666666667,773.333333333333
"salps","Const",24,0,0,0,0.575781727927681,756.783333333333,1097.1
"salps","Const",25,0,0,0,0.575781727927681,765,801.5
"salps","Const",26,0,0,0,0.575781727927681,774.75,1054.43333333333
"salps","Const",27,0,0,0,0.575781727927681,780.1,983.533333333333
"salps","Const",28,0,0,0,0.575781727927681,790.233333333333,903.366666666667
"salps","Const",29,0,0,0,0.575781727927681,800.4,964.166666666667
"salps","Const",30,0,0,0,0.575781727927681,806.283333333333,932.766666666667
"salps","Const",31,0,0,0,0.575781727927681,803.333333333333,722.5
"salps","Const",32,0,0,0,0.575781727927681,794.733333333333,1074.06666666667
"salps","Const",33,0,0,0,0.575781727927681,797.833333333333,681.933333333333
"salps","Const",34,0,0,0,0.575781727927681,791.116666666667,898.333333333333
"salps","Const",35,0,0,0,0.575781727927681,797.933333333333,909.1
"salps","Const",36,0,0,0,0.575781727927681,793.8,896.933333333333
"salps","Const",37,0,0,0,0.575781727927681,797.066666666667,835.733333333333
"salps","Const",38,0,0,0,0.575781727927681,788.533333333333,1042.16666666667
"salps","Const",39,0,0,0,0.575781727927681,798.566666666667,748.033333333333
"salps","Const",40,0,0,0,0.575781727927681,791.116666666667,994.166666666667
"salps","Const",41,0,0,0,0.575781727927681,788.633333333333,766.5
"salps","Const",42,0,0,0,0.575781727927681,791.366666666667,1167.26666666667
"salps","Const",43,0,0,0,0.575781727927681,788.833333333333,761.566666666667
"salps","Const",44,0,0,0,0.575781727927681,789.966666666667,806.733333333333
"salps","Const",45,0,0,0,0.575781727927681,790.4,886.966666666667
"salps","Const",46,0,0,0,0.575781727927681,788.2,1031.6
"salps","Const",47,0,0,0,0.575781727927681,791.5,954.033333333333
"salps","Const",48,0,0,0,0.575781727927681,792.9,1089.2
"salps","Const",49,0,0,0,0.575781727927681,795.133333333333,869.966666666667
"salps","Const",50,0,0,0,0.575781727927681,793.633333333333,1027.83333333333
"salps","Const",51,0,0,0,0.575781727927681,792.5,1039.13333333333
"salps","Const",52,0,0,0,0.575781727927681,802.15,827.633333333333
"salps","Const",53,0,0,0,0.575781727927681,804.066666666667,1054.63333333333
"salps","Const",54,0,0,0,0.575781727927681,804.25,900.966666666667
"salps","Const",55,0,0,0,0.575781727927681,802.666666666667,1027.36666666667
"salps","Const",56,0,0,0,0.575781727927681,804.816666666667,1048.7
"salps","Const",57,0,0,0,0.575781727927681,802.733333333333,893.366666666667
"salps","Const",58,0,0,0,0.575781727927681,802.816666666667,1037
"salps","Const",59,0,0,0,0.575781727927681,805.866666666667,949.166666666667
"salps","Const",60,0,0,0,0.575781727927681,802.683333333333,801.166666666667
"salps","Const",61,0,0,0,0.575781727927681,799.266666666667,1136.2
"salps","Const",62,0,0,0,0.575781727927681,800.666666666667,1076
"salps","Const",63,0,0,0,0.575781727927681,801.466666666667,836.5
"salps","Const",64,0,0,0,0.575781727927681,798.5,887.133333333333
"salps","Const",65,0,0,0,0.575781727927681,796,1019.5
"salps","Const",66,0,0,0,0.575781727927681,798.683333333333,870.966666666667
"salps","Const",67,0,0,0,0.575781727927681,797.8,1049.03333333333
"salps","Const",68,0,0,0,0.575781727927681,801.266666666667,967.933333333333
"salps","Const",69,0,0,0,0.575781727927681,799.266666666667,759.966666666667
"salps","Const",70,0,0,0,0.575781727927681,799.866666666667,986.7
"salps","Const",71,0,0,0,0.575781727927681,799.933333333333,618.166666666667
"salps","Const",72,0,0,0,0.575781727927681,793.416666666667,992.233333333333
"salps","Const",73,0,0,0,0.575781727927681,793.033333333333,999.766666666667
"salps","Const",74,0,0,0,0.575781727927681,793.75,898.866666666667
"salps","Const",75,0,0,0,0.575781727927681,790.333333333333,1023.13333333333
"salps","Const",76,0,0,0,0.575781727927681,793.883333333333,1047.6
"salps","Const",77,0,0,0,0.575781727927681,794.433333333333,782.4
"salps","Const",78,0,0,0,0.575781727927681,794.366666666667,855.033333333333
"salps","Const",79,0,0,0,0.575781727927681,794.366666666667,604.266666666667
"salps","Const",80,0,0,0,0.575781727927681,788.15,1197.63333333333
"salps","Const",81,0,0,0,0.575781727927681,788.2,898.066666666667
"salps","Const",82,0,0,0,0.575781727927681,788.983333333333,1128.86666666667
"salps","Const",83,0,0,0,0.575781727927681,790.966666666667,1018.83333333333
"salps","Const",84,0,0,0,0.575781727927681,793.05,774
"salps","Const",85,0,0,0,0.575781727927681,791.9,923.9
"salps","Const",86,0,0,0,0.575781727927681,789.416666666667,1016.6
"salps","Const",87,0,0,0,0.575781727927681,794.066666666667,890.2
"salps","Const",88,0,0,0,0.575781727927681,793.583333333333,868.766666666667
"salps","Const",89,0,0,0,0.575781727927681,798.7,1165.56666666667
"salps","Const",90,0,0,0,0.575781727927681,798.316666666667,1057
"salps","Const",91,0,0,0,0.575781727927681,799.1,718.033333333333
"salps","Const",92,0,0,0,0.575781727927681,795.65,1115.23333333333
"salps","Const",93,0,0,0,0.575781727927681,798.4,759.233333333333
"salps","Const",94,0,0,0,0.575781727927681,799.9,1046.83333333333
"salps","Const",95,0,0,0,0.575781727927681,799.566666666667,912.466666666667
"salps","Const",96,0,0,0,0.575781727927681,797.316666666667,839.933333333333
"salps","Const",97,0,0,0,0.575781727927681,799.466666666667,870.6
"salps","Const",98,0,0,0,0.575781727927681,797.55,809.866666666667
"salps","Const",99,0,0,0,0.575781727927681,795.4,890.233333333333
"salps","Const",100,0,0,0,0.575781727927681,798.55,843.6
"both","Lognorm",1,26.3082417582418,13.3047756410256,0,0.974033641934091,8.66666666666667,10568.6
"both","Lognorm",2,20.4787214611872,32.9466164383562,0,0.906852834713383,5288.63333333333,1317.9
"both","Lognorm",3,108.23397260274,23.9119406392694,44409.9182648402,0.340653773086357,978.566666666667,42.1333333333333
"both","Lognorm",4,145.232876712329,23.5021872146119,6413.14840182648,0.352800493768669,510.516666666667,429.066666666667
"both","Lognorm",5,151.879817351598,28.306095890411,45597.7132420091,0.403308074547656,292.833333333333,397.066666666667
"both","Lognorm",6,161.960182648402,31.4702831050228,31196.1979908676,0.335579016435146,305.583333333333,268.833333333333
"both","Lognorm",7,613.248127853881,21.8507488584475,186661.122100457,0.241342737312388,258.866666666667,55.1333333333333
"both","Lognorm",8,604.24904109589,27.0639726027397,65.8378082191921,0.50482058416626,188.966666666667,2307.66666666667
"both","Lognorm",9,692.050228310502,29.5714383561644,293562.219817352,0.617922885030731,266.666666666667,770.4
"both","Lognorm",10,3190.34091324201,22.9513744292237,1059961.14237443,0.618628706576992,318.883333333333,1552.46666666667
"both","Lognorm",11,4810.86502283105,26.4570136986301,1717350.89196347,0.526335770428703,361.866666666667,487.9
"both","Lognorm",12,6164.57835616438,29.3814611872146,1221446.3683105,0.651530408383891,373.9,2037.13333333333
"both","Lognorm",13,20167.0519634703,24.6203287671233,8163967.5909589,0.903694932585427,402.966666666667,4789.23333333333
"both","Lognorm",14,38696.3802739726,24.9428584474886,14822603.5957078,0.653529169077281,459.35,447.6
"both","Lognorm",15,49025.2147945206,26.1735799086758,8722367.89835617,1.3620534785783,457.633333333333,19891.4
"both","Lognorm",16,108034.670410959,23.7999223744292,40379161.4883105,1.01027865116251,524.066666666667,219.966666666667
"both","Lognorm",17,213426.057899543,17.3576666666667,49696949.0314155,0.975421775510139,475.5,1048.36666666667
"both","Lognorm",18,210786.563196347,23.3436666666667,2766629.40739726,1.45355428087294,509.816666666667,31.8
"both","Lognorm",19,158856.820730594,17.4602602739726,19093.0275799036,0.848230739434358,442.333333333333,243.166666666667
"both","Lognorm",20,117034.730410959,23.393200913242,0,0.533858468779565,389.916666666667,419
"both","Lognorm",21,86951.36,27.2311278538813,0,0.624770259502394,401.333333333333,339.933333333333
"both","Lognorm",22,44918.263196347,30.8929406392694,0,0.793906528184731,372.716666666667,2249.9
"both","Lognorm",23,2280.60292237443,16.2016210045662,23796.8896803707,0.816758183042008,416.4,3361
"both","Lognorm",24,261.626940639269,30.9266940639269,96375.6618264914,0.430636811428713,426.816666666667,80.2666666666667
"both","Lognorm",25,251.180091324201,35.0791506849315,4617.81726026535,0.666359105904058,388,6006.83333333333
"both","Lognorm",26,212.054885844749,39.0267305936073,42349.1621004641,0.755766258387492,423,1641.33333333333
"both","Lognorm",27,1369.71324200913,26.1339497716895,506091.537260264,1.15523282224345,441.8,14675.1666666667
"both","Lognorm",28,2188.72812785388,29.1777168949772,878410.939634711,0.949240472969255,463.516666666667,1861.86666666667
"both","Lognorm",29,2630.4703196347,24.079598173516,327127.343652964,0.487495456899929,500.166666666667,324.366666666667
"both","Lognorm",30,7024.79552511416,24.3758812785388,2397681.26182649,0.761949112925714,486.3,6190.13333333333
"both","Lognorm",31,9200.58511415525,29.429100456621,1051268.07735159,0.819636211834156,527.133333333333,2371.56666666667
"both","Lognorm",32,12034.6539726027,23.4201461187215,2571532.99808219,0.756717284263328,538.3,3658.96666666667
"both","Lognorm",33,15124.2871232877,27.0392054794521,3810204.42904112,1.00110255902665,559.266666666667,5954.3
"both","Lognorm",34,21332.8649315069,29.3776392694064,7666268.13579908,0.747465189597779,572.55,545.633333333333
"both","Lognorm",35,52908.0973515982,22.5694657534247,19100084.8767123,0.68004564311719,547.933333333333,1210.43333333333
"both","Lognorm",36,79020.4056621005,22.9777945205479,22956878.9610959,0.79147390990262,577.1,1048.23333333333
"both","Lognorm",37,99946.6384474886,24.7227762557078,16984736.9928767,1.16643933023306,560.8,2720.96666666667
"both","Lognorm",38,151916.055068493,23.5983835616438,40666773.1881278,0.602866497421773,594.25,9.66666666666667
"both","Lognorm",39,159118.976986301,14.4609771689498,5715325.42767125,0.318336286970239,551.233333333333,333.933333333333
"both","Lognorm",40,120065.343835616,23.0851872146119,180.266483992338,0.546252127992665,547.383333333333,465.933333333333
"both","Lognorm",41,83318.7564383562,27.7980913242009,1920.31780824065,0.698315480247829,536.266666666667,938.366666666667
"both","Lognorm",42,58986.0878538813,28.9668675799087,1996394.7408219,0.637821358527508,544.516666666667,589.5
"both","Lognorm",43,55457.51543379,27.8125525114155,7882459.90200916,0.391022178779973,542.066666666667,112.3
"both","Lognorm",44,28169.8225570776,16.9833607305936,377101.933424652,0.375431332026837,518.283333333333,570.833333333333
"both","Lognorm",45,19187.6950684932,26.8135479452055,39127.7337899506,0.642974228965428,518.766666666667,1965.8
"both","Lognorm",46,14979.977716895,35.8207808219178,196442.869406402,0.947311838780618,522.05,3080.86666666667
"both","Lognorm",47,30911.0709589041,27.1692465753425,9459360.74721462,0.996316626127647,531.233333333333,6243
"both","Lognorm",48,53665.0561643836,27.4612739726027,13348234.1362557,0.686475921255673,548.866666666667,513.7
"both","Lognorm",49,48766.8672146119,23.4658127853881,1684609.08684933,0.585109047403836,547.933333333333,1208.06666666667
"both","Lognorm",50,39924.9502283105,27.7468630136986,1179842.11004567,0.630143635124436,564.216666666667,836.133333333333
"both","Lognorm",51,35057.340913242,28.1509726027397,0,0.697534837800994,560.933333333333,1494.46666666667
"both","Lognorm",52,31949.2762557078,26.1994155251142,0,0.842656555113129,571.383333333333,2231.83333333333
"both","Lognorm",53,25657.5473059361,27.8839497716895,44409.9182648402,0.818861860882932,571.9,2280.53333333333
"both","Lognorm",54,23285.4007305936,26.1799086757991,6413.14840182648,0.466631287302115,580.016666666667,200.433333333333
"both","Lognorm",55,35330.4161643836,22.945301369863,45597.7132420091,0.960912125347516,554.566666666667,10806.3
"both","Lognorm",56,37271.4873972603,30.2994109589041,31196.1979908676,0.860663609554978,580.133333333333,749.733333333333
"both","Lognorm",57,68874.562739726,22.6835342465753,186661.122100457,0.471726172596161,577,351.933333333333
"both","Lognorm",58,97360.8989041096,22.284904109589,65.8378082191921,0.579874942101095,570.5,830.8
"both","Lognorm",59,103038.246575342,24.4668584474886,293562.219817352,0.51041345046117,572.633333333333,194.466666666667
"both","Lognorm",60,88043.6988127854,22.4247351598173,1059961.14237443,0.521526533874157,554.866666666667,479.9
"both","Lognorm",61,66135.441826484,26.5751552511416,1717350.89196347,0.419017709349227,549.7,122.5
"both","Lognorm",62,51540.1545205479,26.0652420091324,1221446.3683105,0.500869647657452,530.166666666667,650.2
"both","Lognorm",63,31474.6093150685,27.5092694063927,8163967.5909589,0.800467224866727,529.966666666667,2556.23333333333
"both","Lognorm",64,19105.2921461187,31.9897488584475,14822603.5957078,0.666494725615406,533.366666666667,598.3
"both","Lognorm",65,50968.3593607306,22.4587853881279,8722367.89835617,0.512276940784374,533.7,638.366666666667
"both","Lognorm",66,57949.6555251142,26.4275296803653,40379161.4883105,0.67830040313228,543.4,1562.6
"both","Lognorm",67,51575.7557990868,30.4005525114155,49696949.0314155,1.22743416618763,548.966666666667,10386.1666666667
"both","Lognorm",68,55769.6694063927,27.5576301369863,2766629.40739726,1.03750013587445,556.4,1702.9
"both","Lognorm",69,76820.7064840183,25.7631917808219,19093.0275799036,0.63985710228962,557.4,622.8
"both","Lognorm",70,72962.3547945206,25.3758493150685,0,0.629671018811009,558.1,1119.33333333333
"both","Lognorm",71,51742.0269406393,24.7186757990868,0,1.17118582942351,558.933333333333,10932.0666666667
"both","Lognorm",72,52243.9673059361,29.4178401826484,0,1.5062109900486,573.783333333333,12218.4666666667
"both","Lognorm",73,79255.9683105023,25.3298904109589,23796.8896803707,0.734920895296318,586.033333333333,80.7666666666667
"both","Lognorm",74,86146.8323287671,21.0077534246575,96375.6618264914,0.343174820926076,566.216666666667,377.333333333333
"both","Lognorm",75,63820.7831050228,23.1516894977169,4617.81726026535,0.468339433678095,555.666666666667,631.333333333333
"both","Lognorm",76,51213.1592694064,27.2941552511416,42349.1621004641,0.608418059580395,560.266666666667,1281.03333333333
"both","Lognorm",77,42789.3100456621,28.5393059360731,506091.537260264,0.365293047754744,566.433333333333,18.7666666666667
"both","Lognorm",78,34847.2872146119,23.8602283105023,878410.939634711,0.430230718679911,549.4,769.766666666667
"both","Lognorm",79,19753.259543379,25.5921872146119,327127.343652964,0.594672889407489,556.233333333333,562.333333333333
"both","Lognorm",80,13024.5706849315,28.9434337899543,2397681.26182649,0.612965706533217,551.683333333333,1218.3
"both","Lognorm",81,23424.0077625571,27.7127351598173,1051268.07735159,0.564898648142522,556.9,640.6
"both","Lognorm",82,32046.341369863,25.6640410958904,2571532.99808219,0.466479298107014,556.283333333333,427.4
"both","Lognorm",83,34594.6500456621,25.7222739726027,3810204.42904112,0.717710306169284,548.933333333333,2736.33333333333
"both","Lognorm",84,36121.8403652968,27.4233607305936,7666268.13579908,0.466560147766338,551.866666666667,47.4333333333333
"both","Lognorm",85,36989.9750684931,22.5517762557078,19100084.8767123,0.652385522143386,540.933333333333,3800.56666666667
"both","Lognorm",86,37472.8414611872,28.2177579908676,22956878.9610959,0.560516641036523,548.6,285.166666666667
"both","Lognorm",87,45480.6919634703,22.6991369863014,16984736.9928767,0.449653213086553,541.1,377.933333333333
"both","Lognorm",88,47659.3442922374,24.2963470319635,40666773.1881278,0.585807724076044,534.55,661.066666666667
"both","Lognorm",89,41109.1244748858,27.8216073059361,5715325.42767125,0.463809899729484,535.066666666667,292.166666666667
"both","Lognorm",90,49055.674977169,23.9081369863014,180.266483992338,0.630757353939879,524.983333333333,1713.3
"both","Lognorm",91,49644.681369863,27.9655707762557,1920.31780824065,0.952176932222582,528.466666666667,1578.86666666667
"both","Lognorm",92,71321.5806392694,27.165196347032,1996394.7408219,0.527946102876077,535.833333333333,25.2
"both","Lognorm",93,89042.0326027397,20.2794155251142,7882459.90200916,0.290138855530748,520.433333333333,217.8
"both","Lognorm",94,85358.935890411,23.0617945205479,377101.933424652,0.360320722430955,511.533333333333,104.866666666667
"both","Lognorm",95,73152.4513242009,25.8682191780822,39127.7337899506,0.382911281033411,500.566666666667,216.5
"both","Lognorm",96,53287.6437442922,26.5424931506849,196442.869406402,0.412144251428832,492.5,367.966666666667
"both","Lognorm",97,39752.6578082192,27.7376621004566,9459360.74721462,0.304708138934539,489.7,91.2666666666667
"both","Lognorm",98,21898.62,23.3177214611872,13348234.1362557,0.408238360521677,474.533333333333,708.966666666667
"both","Lognorm",99,9578.46593607306,28.3228219178082,1684609.08684933,0.594810740217256,479.1,1284.53333333333
"both","Lognorm",100,6007.66228310502,32.1449360730594,1179842.11004567,0.916531167040398,483.95,11104.0666666667
"krill","Lognorm",1,26.257326007326,13.3048580586081,0,0.974033641934091,0,0
"krill","Lognorm",2,19.9131506849315,32.9607168949772,0,0.906852834713383,0,0
"krill","Lognorm",3,106.046757990868,23.9527305936073,43501.6594520548,0.340653773086357,0,0
"krill","Lognorm",4,139.876255707763,23.580904109589,5807.4405479452,0.352800493768669,0,0
"krill","Lognorm",5,150.300913242009,28.0486392694064,47160.0265753425,0.403308074547656,0,0
"krill","Lognorm",6,158.053333333333,31.7144611872146,27111.5511415525,0.335579016435146,0,0
"krill","Lognorm",7,594.596347031963,21.9295342465753,180993.488949772,0.241342737312388,0,0
"krill","Lognorm",8,589.2699543379,27.0947625570776,30.5044748858199,0.50482058416626,0,0
"krill","Lognorm",9,683.498721461187,29.4467123287671,295513.605114155,0.617922885030731,0,0
"krill","Lognorm",10,3145.2198173516,22.9546621004566,1042597.32374429,0.618628706576992,0,0
"krill","Lognorm",11,4726.80319634703,26.4982602739726,1682876.10748858,0.526335770428703,0,0
"krill","Lognorm",12,6092.84337899543,29.3513561643836,1226423.28146119,0.651530408383891,0,0
"krill","Lognorm",13,19935.5907762557,24.6441780821918,8081943.42173516,0.903694932585427,0,0
"krill","Lognorm",14,38237.1722374429,24.979401826484,14717166.826758,0.653529169077281,0,0
"krill","Lognorm",15,49000.457260274,26.0558675799087,9146722.25105023,1.3620534785783,0,0
"krill","Lognorm",16,107415.711598174,23.8297899543379,39768372.9533333,1.01027865116251,0,0
"krill","Lognorm",17,211285.037625571,17.3985525114155,49434609.6552511,0.975421775510139,0,0
"krill","Lognorm",18,208588.809589041,23.3732237442922,2671980.60292238,1.45355428087294,0,0
"krill","Lognorm",19,157122.8,17.5657442922374,0,0.848230739434358,0,0
"krill","Lognorm",20,115668.15652968,23.4483744292237,0,0.533858468779565,0,0
"krill","Lognorm",21,85772.9494977169,27.302200913242,0,0.624770259502394,0,0
"krill","Lognorm",22,44328.6061187215,30.9525342465753,0,0.793906528184731,0,0
"krill","Lognorm",23,2187.19707762557,15.7290913242009,0,0.816758183042008,0,0
"krill","Lognorm",24,21.3867579908676,31.2098493150685,0,0.430636811428713,0,0
"krill","Lognorm",25,16.0112328767123,35.3181369863014,565.655251145363,0.666359105904058,0,0
"krill","Lognorm",26,34.0290410958904,38.0812100456621,12362.4477625489,0.755766258387492,0,0
"krill","Lognorm",27,115.414246575342,26.3501141552511,44006.8253881335,1.15523282224345,0,0
"krill","Lognorm",28,250.023835616438,29.0745844748858,125897.65954338,0.949240472969255,0,0
"krill","Lognorm",29,800.970593607306,23.9140319634703,284857.029041097,0.487495456899929,0,0
"krill","Lognorm",30,1319.79388127854,24.7803242009132,431762.37086758,0.761949112925714,0,0
"krill","Lognorm",31,2379.32694063927,29.5850867579909,917087.815433785,0.819636211834156,0,0
"krill","Lognorm",32,7391.62502283105,23.668497716895,2896110.55141552,0.756717284263328,0,0
"krill","Lognorm",33,12316.2290410959,27.3831780821918,4137982.80310504,1.00110255902665,0,0
"krill","Lognorm",34,20591.1193607306,29.245301369863,8499090.64356163,0.747465189597779,0,0
"krill","Lognorm",35,55774.1616438356,22.2905251141553,20983074.6256621,0.68004564311719,0,0
"krill","Lognorm",36,85917.1649315068,23.1763470319635,24670172.5886758,0.79147390990262,0,0
"krill","Lognorm",37,110958.242191781,24.1605662100457,18669960.1913242,1.16643933023306,0,0
"krill","Lognorm",38,157139.859452055,23.6504474885845,39161748.9189954,0.602866497421773,0,0
"krill","Lognorm",39,163573.930045662,14.1091780821918,6779991.57397261,0.318336286970239,0,0
"krill","Lognorm",40,123155.791598174,22.7728310502283,0,0.546252127992665,0,0
"krill","Lognorm",41,84832.1858447489,27.6447625570776,0,0.698315480247829,0,0
"krill","Lognorm",42,58877.8877625571,29.8970091324201,1819669.0178082,0.637821358527508,0,0
"krill","Lognorm",43,56322.080913242,27.8204931506849,9061008.64657536,0.391022178779973,0,0
"krill","Lognorm",44,34118.977260274,16.3190502283105,1639380.43506849,0.375431332026837,0,0
"krill","Lognorm",45,24417.7264840183,26.3028721461187,15741.4005479217,0.642974228965428,0,0
"krill","Lognorm",46,18908.9263926941,35.5699132420091,89212.6594520807,0.947311838780618,0,0
"krill","Lognorm",47,31437.7287671233,27.8084885844749,8138296.98639268,0.996316626127647,0,0
"krill","Lognorm",48,69607.8001826484,26.9537716894977,21278722.5514156,0.686475921255673,0,0
"krill","Lognorm",49,73197.6253881279,23.0344337899543,4180398.52301365,0.585109047403836,0,0
"krill","Lognorm",50,65133.501826484,26.6236438356164,3248114.07123291,0.630143635124436,0,0
"krill","Lognorm",51,58448.3370776256,26.7350319634703,0,0.697534837800994,0,0
"krill","Lognorm",52,54132.9099543379,25.3336392694064,0,0.842656555113129,0,0
"krill","Lognorm",53,42005.5744292237,26.8789452054795,43501.6594520548,0.818861860882932,0,0
"krill","Lognorm",54,23605.1652968037,25.8323242009132,5807.4405479452,0.466631287302115,0,0
"krill","Lognorm",55,30274.0315068493,23.4078858447489,47160.0265753425,0.960912125347516,0,0
"krill","Lognorm",56,32495.3428310502,30.1202557077626,27111.5511415525,0.860663609554978,0,0
"krill","Lognorm",57,61042.4217351598,23.1069817351598,180993.488949772,0.471726172596161,0,0
"krill","Lognorm",58,89870.9198173516,22.2608949771689,30.5044748858199,0.579874942101095,0,0
"krill","Lognorm",59,100711.475159817,24.9880136986301,295513.605114155,0.51041345046117,0,0
"krill","Lognorm",60,93488.121826484,22.7887716894977,1042597.32374429,0.521526533874157,0,0
"krill","Lognorm",61,72794.4182648402,25.6296621004566,1682876.10748858,0.419017709349227,0,0
"krill","Lognorm",62,53693.1738812785,25.6125433789954,1226423.28146119,0.500869647657452,0,0
"krill","Lognorm",63,32674.5936986301,28.5807534246575,8081943.42173516,0.800467224866727,0,0
"krill","Lognorm",64,16733.3812785388,31.985196347032,14717166.826758,0.666494725615406,0,0
"krill","Lognorm",65,46189.8800913242,22.946799086758,9146722.25105023,0.512276940784374,0,0
"krill","Lognorm",66,51380.9855707763,25.5680410958904,39768372.9533333,0.67830040313228,0,0
"krill","Lognorm",67,50288.9849315068,29.6627853881279,49434609.6552511,1.22743416618763,0,0
"krill","Lognorm",68,72600.5573515982,26.4719680365297,2671980.60292238,1.03750013587445,0,0
"krill","Lognorm",69,94957.2021004566,25.2967260273973,0,0.63985710228962,0,0
"krill","Lognorm",70,88721.8415525114,25.0526255707763,0,0.629671018811009,0,0
"krill","Lognorm",71,65476.2224657534,23.7387260273973,0,1.17118582942351,0,0
"krill","Lognorm",72,57910.3487671233,29.87600456621,0,1.5062109900486,0,0
"krill","Lognorm",73,73336.4056621005,26.0341369863014,0,0.734920895296318,0,0
"krill","Lognorm",74,75047.5652054794,21.723301369863,0,0.343174820926076,0,0
"krill","Lognorm",75,57590.1401826484,23.5796529680365,565.655251145363,0.468339433678095,0,0
"krill","Lognorm",76,48616.5385388128,27.4675844748858,12362.4477625489,0.608418059580395,0,0
"krill","Lognorm",77,43226.8069406393,27.2940319634703,44006.8253881335,0.365293047754744,0,0
"krill","Lognorm",78,39579.2989041096,23.1209132420091,125897.65954338,0.430230718679911,0,0
"krill","Lognorm",79,24920.9943378995,26.2860456621005,284857.029041097,0.594672889407489,0,0
"krill","Lognorm",80,23380.3882191781,27.2021278538813,431762.37086758,0.612965706533217,0,0
"krill","Lognorm",81,30562.5243835616,27.4613378995434,917087.815433785,0.564898648142522,0,0
"krill","Lognorm",82,47717.162283105,25.6868584474886,2896110.55141552,0.466479298107014,0,0
"krill","Lognorm",83,48127.3335159817,24.9696392694064,4137982.80310504,0.717710306169284,0,0
"krill","Lognorm",84,42173.4400913242,26.4250091324201,8499090.64356163,0.466560147766338,0,0
"krill","Lognorm",85,37448.2778082192,23.5809817351598,20983074.6256621,0.652385522143386,0,0
"krill","Lognorm",86,29299.9357990868,29.4861095890411,24670172.5886758,0.560516641036523,0,0
"krill","Lognorm",87,39374.5632876712,22.1029726027397,18669960.1913242,0.449653213086553,0,0
"krill","Lognorm",88,36778.6021917808,23.7093652968037,39161748.9189954,0.585807724076044,0,0
"krill","Lognorm",89,33083.1021917808,27.5535753424658,6779991.57397261,0.463809899729484,0,0
"krill","Lognorm",90,37954.2147945206,25.3840913242009,0,0.630757353939879,0,0
"krill","Lognorm",91,37188.717260274,28.0657853881279,0,0.952176932222582,0,0
"krill","Lognorm",92,60573.2340639269,27.5045616438356,1819669.0178082,0.527946102876077,0,0
"krill","Lognorm",93,76365.520456621,20.5504155251142,9061008.64657536,0.290138855530748,0,0
"krill","Lognorm",94,78206.7988127854,22.6857853881279,1639380.43506849,0.360320722430955,0,0
"krill","Lognorm",95,68024.2052054794,25.2710456621005,15741.4005479217,0.382911281033411,0,0
"krill","Lognorm",96,51092.822283105,25.9382602739726,89212.6594520807,0.412144251428832,0,0
"krill","Lognorm",97,39422.715890411,26.9719863013699,8138296.98639268,0.304708138934539,0,0
"krill","Lognorm",98,21537.6105936073,23.9059360730594,21278722.5514156,0.408238360521677,0,0
"krill","Lognorm",99,10142.016803653,28.3313561643836,4180398.52301365,0.594810740217256,0,0
"krill","Lognorm",100,9957.17762557078,29.242803652968,3248114.07123291,0.916531167040398,0,0
"salps","Lognorm",1,0,0,0,0.974033641934091,7.53333333333333,9220.56666666667
"salps","Lognorm",2,0,0,0,0.906852834713383,4614.21666666667,1619.23333333333
"salps","Lognorm",3,0,0,0,0.340653773086357,1401.26666666667,36.7
"salps","Lognorm",4,0,0,0,0.352800493768669,717.033333333333,553.966666666667
"salps","Lognorm",5,0,0,0,0.403308074547656,320.266666666667,272.5
"salps","Lognorm",6,0,0,0,0.335579016435146,292.916666666667,254.766666666667
"salps","Lognorm",7,0,0,0,0.241342737312388,229.1,55.4666666666667
"salps","Lognorm",8,0,0,0,0.50482058416626,170.266666666667,2124.96666666667
"salps","Lognorm",9,0,0,0,0.617922885030731,227.266666666667,1311.4
"salps","Lognorm",10,0,0,0,0.618628706576992,305.5,1695.53333333333
"salps","Lognorm",11,0,0,0,0.526335770428703,364.1,443.1
"salps","Lognorm",12,0,0,0,0.651530408383891,350.783333333333,3913.03333333333
"salps","Lognorm",13,0,0,0,0.903694932585427,411.933333333333,4574.4
"salps","Lognorm",14,0,0,0,0.653529169077281,494.266666666667,486.933333333333
"salps","Lognorm",15,0,0,0,1.3620534785783,477.6,16833.4333333333
"salps","Lognorm",16,0,0,0,1.01027865116251,536.8,469.7
"salps","Lognorm",17,0,0,0,0.975421775510139,535.333333333333,8665.93333333333
"salps","Lognorm",18,0,0,0,1.45355428087294,559.666666666667,13647.5666666667
"salps","Lognorm",19,0,0,0,0.848230739434358,625.1,385
"salps","Lognorm",20,0,0,0,0.533858468779565,573.5,867.133333333333
"salps","Lognorm",21,0,0,0,0.624770259502394,577.6,1456.76666666667
"salps","Lognorm",22,0,0,0,0.793906528184731,595.733333333333,6149.03333333333
"salps","Lognorm",23,0,0,0,0.816758183042008,618.9,3583.56666666667
"salps","Lognorm",24,0,0,0,0.430636811428713,700.433333333333,124.333333333333
"salps","Lognorm",25,0,0,0,0.666359105904058,605.166666666667,4806.93333333333
"salps","Lognorm",26,0,0,0,0.755766258387492,686.6,1576.2
"salps","Lognorm",27,0,0,0,1.15523282224345,702.166666666667,13231.9
"salps","Lognorm",28,0,0,0,0.949240472969255,745.233333333333,1893.53333333333
"salps","Lognorm",29,0,0,0,0.487495456899929,767.833333333333,417.433333333333
"salps","Lognorm",30,0,0,0,0.761949112925714,736.15,5579.3
"salps","Lognorm",31,0,0,0,0.819636211834156,760.333333333333,3408.9
"salps","Lognorm",32,0,0,0,0.756717284263328,795.8,3206.03333333333
"salps","Lognorm",33,0,0,0,1.00110255902665,818.166666666667,11313.4666666667
"salps","Lognorm",34,0,0,0,0.747465189597779,855.15,811.8
"salps","Lognorm",35,0,0,0,0.68004564311719,853.866666666667,2874.86666666667
"salps","Lognorm",36,0,0,0,0.79147390990262,865.483333333333,3157.2
"salps","Lognorm",37,0,0,0,1.16643933023306,885.333333333333,13341.7333333333
"salps","Lognorm",38,0,0,0,0.602866497421773,922.5,9.5
"salps","Lognorm",39,0,0,0,0.318336286970239,865.766666666667,422.033333333333
"salps","Lognorm",40,0,0,0,0.546252127992665,833.7,1117.63333333333
"salps","Lognorm",41,0,0,0,0.698315480247829,832.166666666667,2213.1
"salps","Lognorm",42,0,0,0,0.637821358527508,848.35,896.333333333333
"salps","Lognorm",43,0,0,0,0.391022178779973,846.6,210.333333333333
"salps","Lognorm",44,0,0,0,0.375431332026837,806.583333333333,566.866666666667
"salps","Lognorm",45,0,0,0,0.642974228965428,791.3,2754.33333333333
"salps","Lognorm",46,0,0,0,0.947311838780618,807.65,6111.23333333333
"salps","Lognorm",47,0,0,0,0.996316626127647,812.533333333333,5939.36666666667
"salps","Lognorm",48,0,0,0,0.686475921255673,840.833333333333,706.433333333333
"salps","Lognorm",49,0,0,0,0.585109047403836,828.233333333333,1447.66666666667
"salps","Lognorm",50,0,0,0,0.630143635124436,832.05,1388.43333333333
"salps","Lognorm",51,0,0,0,0.697534837800994,841.333333333333,2640.2
"salps","Lognorm",52,0,0,0,0.842656555113129,842.483333333333,4572.2
"salps","Lognorm",53,0,0,0,0.818861860882932,856.966666666667,2856.56666666667
"salps","Lognorm",54,0,0,0,0.466631287302115,875.75,240.033333333333
"salps","Lognorm",55,0,0,0,0.960912125347516,838.066666666667,14532.6
"salps","Lognorm",56,0,0,0,0.860663609554978,858.633333333333,807.133333333333
"salps","Lognorm",57,0,0,0,0.471726172596161,837.6,371.133333333333
"salps","Lognorm",58,0,0,0,0.579874942101095,824.833333333333,1673.2
"salps","Lognorm",59,0,0,0,0.51041345046117,820.633333333333,431.166666666667
"salps","Lognorm",60,0,0,0,0.521526533874157,810.283333333333,1136.03333333333
"salps","Lognorm",61,0,0,0,0.419017709349227,809.166666666667,285.7
"salps","Lognorm",62,0,0,0,0.500869647657452,790.55,1065.86666666667
"salps","Lognorm",63,0,0,0,0.800467224866727,782.633333333333,4499.86666666667
"salps","Lognorm",64,0,0,0,0.666494725615406,795.55,697.966666666667
"salps","Lognorm",65,0,0,0,0.512276940784374,789.4,654.8
"salps","Lognorm",66,0,0,0,0.67830040313228,785.666666666667,3119.5
"salps","Lognorm",67,0,0,0,1.22743416618763,787.866666666667,8988.86666666667
"salps","Lognorm",68,0,0,0,1.03750013587445,796.55,2846.2
"salps","Lognorm",69,0,0,0,0.63985710228962,809.033333333333,1023.43333333333
"salps","Lognorm",70,0,0,0,0.629671018811009,805.3,2205.16666666667
"salps","Lognorm",71,0,0,0,1.17118582942351,817.233333333333,9960.63333333333
"salps","Lognorm",72,0,0,0,1.5062109900486,825.35,15253.5
"salps","Lognorm",73,0,0,0,0.734920895296318,839.433333333333,175.166666666667
"salps","Lognorm",74,0,0,0,0.343174820926076,817.433333333333,448.066666666667
"salps","Lognorm",75,0,0,0,0.468339433678095,796.933333333333,598
"salps","Lognorm",76,0,0,0,0.608418059580395,790.25,1611.43333333333
"salps","Lognorm",77,0,0,0,0.365293047754744,797.9,23.4
"salps","Lognorm",78,0,0,0,0.430230718679911,779.366666666667,839.7
"salps","Lognorm",79,0,0,0,0.594672889407489,779.733333333333,1346.23333333333
"salps","Lognorm",80,0,0,0,0.612965706533217,783.833333333333,1549.7
"salps","Lognorm",81,0,0,0,0.564898648142522,791.933333333333,714.733333333333
"salps","Lognorm",82,0,0,0,0.466479298107014,786.6,430.2
"salps","Lognorm",83,0,0,0,0.717710306169284,771.133333333333,3732.43333333333
"salps","Lognorm",84,0,0,0,0.466560147766338,788,75.6333333333333
"salps","Lognorm",85,0,0,0,0.652385522143386,767.4,6109.93333333333
"salps","Lognorm",86,0,0,0,0.560516641036523,784.1,379.366666666667
"salps","Lognorm",87,0,0,0,0.449653213086553,768.266666666667,828.933333333333
"salps","Lognorm",88,0,0,0,0.585807724076044,766.266666666667,1465.6
"salps","Lognorm",89,0,0,0,0.463809899729484,772.3,314.266666666667
"salps","Lognorm",90,0,0,0,0.630757353939879,754.45,2604.63333333333
"salps","Lognorm",91,0,0,0,0.952176932222582,763.466666666667,8199.96666666667
"salps","Lognorm",92,0,0,0,0.527946102876077,772.233333333333,131.766666666667
"salps","Lognorm",93,0,0,0,0.290138855530748,753.2,353.166666666667
"salps","Lognorm",94,0,0,0,0.360320722430955,740.3,538.433333333333
"salps","Lognorm",95,0,0,0,0.382911281033411,735.4,384.1
"salps","Lognorm",96,0,0,0,0.412144251428832,723.516666666667,321.6
"salps","Lognorm",97,0,0,0,0.304708138934539,709.4,92.0333333333333
"salps","Lognorm",98,0,0,0,0.408238360521677,696.5,767
"salps","Lognorm",99,0,0,0,0.594810740217256,692.966666666667,1579.33333333333
"salps","Lognorm",100,0,0,0,0.916531167040398,695.566666666667,8908.16666666667
